{
  "succeeded": 19,
  "failed": 5,
  "average_attempts": 3.5833333333333335,
  "max_attempts": 10,
  "average_examples_right": 25.458333333333332,
  "max_examples_right": 30
}