{
  "succeeded": 15,
  "failed": 6,
  "average_attempts": 4.380952380952381,
  "max_attempts": 10,
  "average_examples_right": 24.04761904761905,
  "max_examples_right": 30
}