{
  "succeeded": 6,
  "failed": 18,
  "average_attempts": 7.791666666666665,
  "max_attempts": 10,
  "average_examples_right": 11.749999999999998,
  "max_examples_right": 30
}